"","Gold","Spirit","Extra Card Spirit","Spirit to FULL collection","Spirit to full normal collection","Spirit to full prismatic collection"
"","570","2110","0","1239190","291890","947300"
"","","","","",""
"Count","Name","Faction","Rarity","Prismatic","Cost","DE Value"
"0","Aegis Barrier","Lyonar","Legendary","false","900","350"
"0","Aegis Barrier","Lyonar","Legendary","true","1800","900"
"0","Aerial Rift","Lyonar","Epic","false","350","100"
"0","Aerial Rift","Lyonar","Epic","true","900","350"
"1","Afterblaze","Lyonar","Common","false","40","10"
"0","Afterblaze","Lyonar","Common","true","200","40"
"0","Arclyte Regalia","Lyonar","Legendary","false","900","350"
"0","Arclyte Regalia","Lyonar","Legendary","true","1800","900"
"3","Arclyte Sentinel","Lyonar","Rare","false","100","20"
"0","Arclyte Sentinel","Lyonar","Rare","true","350","100"
"1","Auryn Nexus","Lyonar","Common","false","40","10"
"0","Auryn Nexus","Lyonar","Common","true","200","40"
"3","Azurite Lion","Lyonar","Common","false","40","10"
"0","Azurite Lion","Lyonar","Common","true","200","40"
"3","Beam Shock","Lyonar","Common","false","40","10"
"0","Beam Shock","Lyonar","Common","true","200","40"
"2","Circle of Life","Lyonar","Epic","false","350","100"
"0","Circle of Life","Lyonar","Epic","true","900","350"
"0","Dawn's Eye","Lyonar","Legendary","false","900","350"
"0","Dawn's Eye","Lyonar","Legendary","true","1800","900"
"2","Decimate","Lyonar","Legendary","false","900","350"
"0","Decimate","Lyonar","Legendary","true","1800","900"
"3","Divine Bond","Lyonar","Basic","false","0","0"
"0","Divine Bond","Lyonar","Basic","true","0","0"
"3","Draining Wave","Lyonar","Common","false","40","10"
"0","Draining Wave","Lyonar","Common","true","200","40"
"2","Elyx Stormblade","Lyonar","Legendary","false","900","350"
"0","Elyx Stormblade","Lyonar","Legendary","true","1800","900"
"3","Excelsious","Lyonar","Legendary","false","900","350"
"0","Excelsious","Lyonar","Legendary","true","1800","900"
"0","Fighting Spirit","Lyonar","Epic","false","350","100"
"0","Fighting Spirit","Lyonar","Epic","true","900","350"
"1","Fiz","Lyonar","Rare","false","100","20"
"0","Fiz","Lyonar","Rare","true","350","100"
"0","Grandmaster Z'ir","Lyonar","Legendary","false","900","350"
"0","Grandmaster Z'ir","Lyonar","Legendary","true","1800","900"
"0","Holy Immolation","Lyonar","Epic","false","350","100"
"0","Holy Immolation","Lyonar","Epic","true","900","350"
"2","Ironcliffe Guardian","Lyonar","Rare","false","100","20"
"0","Ironcliffe Guardian","Lyonar","Rare","true","350","100"
"0","Ironcliffe Heart","Lyonar","Epic","false","350","100"
"0","Ironcliffe Heart","Lyonar","Epic","true","900","350"
"3","Lasting Judgement","Lyonar","Rare","false","100","20"
"0","Lasting Judgement","Lyonar","Rare","true","350","100"
"3","Lightchaser","Lyonar","Common","false","40","10"
"0","Lightchaser","Lyonar","Common","true","200","40"
"3","Lionheart Blessing","Lyonar","Rare","false","100","20"
"0","Lionheart Blessing","Lyonar","Rare","true","350","100"
"2","Lucent Beam","Lyonar","Common","false","40","10"
"0","Lucent Beam","Lyonar","Common","true","200","40"
"3","Lysian Brawler","Lyonar","Basic","false","0","0"
"0","Lysian Brawler","Lyonar","Basic","true","0","0"
"3","Magnetize","Lyonar","Rare","false","100","20"
"0","Magnetize","Lyonar","Rare","true","350","100"
"3","Martyrdom","Lyonar","Basic","false","0","0"
"0","Martyrdom","Lyonar","Basic","true","0","0"
"3","Prism Barrier","Lyonar","Rare","false","100","20"
"0","Prism Barrier","Lyonar","Rare","true","350","100"
"0","Radiant Dragoon","Lyonar","Rare","false","100","20"
"0","Radiant Dragoon","Lyonar","Rare","true","350","100"
"3","Scintilla","Lyonar","Common","false","40","10"
"0","Scintilla","Lyonar","Common","true","200","40"
"0","Second Sun","Lyonar","Rare","false","100","20"
"0","Second Sun","Lyonar","Rare","true","350","100"
"3","Silverguard Knight","Lyonar","Basic","false","0","0"
"0","Silverguard Knight","Lyonar","Basic","true","0","0"
"2","Silverguard Squire","Lyonar","Common","false","40","10"
"0","Silverguard Squire","Lyonar","Common","true","200","40"
"1","Sky Burial","Lyonar","Rare","false","100","20"
"0","Sky Burial","Lyonar","Rare","true","350","100"
"0","Sky Phalanx","Lyonar","Legendary","false","900","350"
"0","Sky Phalanx","Lyonar","Legendary","true","1800","900"
"0","Skywind Glaives","Lyonar","Epic","false","350","100"
"0","Skywind Glaives","Lyonar","Epic","true","900","350"
"3","Slo","Lyonar","Common","false","40","10"
"0","Slo","Lyonar","Common","true","200","40"
"0","Solarius","Lyonar","Legendary","false","900","350"
"0","Solarius","Lyonar","Legendary","true","1800","900"
"2","Sun Bloom","Lyonar","Common","false","40","10"
"0","Sun Bloom","Lyonar","Common","true","200","40"
"0","Sun Sister Sterope","Lyonar","Legendary","false","900","350"
"0","Sun Sister Sterope","Lyonar","Legendary","true","1800","900"
"0","Sun Wisp","Lyonar","Common","false","40","10"
"0","Sun Wisp","Lyonar","Common","true","200","40"
"3","Sunbreaker","Lyonar","Rare","false","100","20"
"0","Sunbreaker","Lyonar","Rare","true","350","100"
"3","Sundrop Elixir","Lyonar","Common","false","40","10"
"0","Sundrop Elixir","Lyonar","Common","true","200","40"
"0","Sunforge Lancer","Lyonar","Epic","false","350","100"
"0","Sunforge Lancer","Lyonar","Epic","true","900","350"
"0","Sunriser","Lyonar","Epic","false","350","100"
"0","Sunriser","Lyonar","Epic","true","900","350"
"3","Sunstone Bracers","Lyonar","Basic","false","0","0"
"0","Sunstone Bracers","Lyonar","Basic","true","0","0"
"0","Sunstone Templar","Lyonar","Epic","false","350","100"
"0","Sunstone Templar","Lyonar","Epic","true","900","350"
"3","Suntide Maiden","Lyonar","Common","false","40","10"
"0","Suntide Maiden","Lyonar","Common","true","200","40"
"3","Tempest","Lyonar","Basic","false","0","0"
"0","Tempest","Lyonar","Basic","true","0","0"
"3","Trinity Oath","Lyonar","Epic","false","350","100"
"0","Trinity Oath","Lyonar","Epic","true","900","350"
"3","True Strike","Lyonar","Basic","false","0","0"
"0","True Strike","Lyonar","Basic","true","0","0"
"3","War Surge","Lyonar","Basic","false","0","0"
"3","War Surge","Lyonar","Basic","true","0","0"
"3","Windblade Adept","Lyonar","Basic","false","0","0"
"3","Windblade Adept","Lyonar","Basic","true","0","0"
"0","Ace","Songhai","Common","false","40","10"
"0","Ace","Songhai","Common","true","200","40"
"2","Ancestral Divination","Songhai","Common","false","40","10"
"0","Ancestral Divination","Songhai","Common","true","200","40"
"2","Artifact Defiler","Songhai","Common","false","40","10"
"0","Artifact Defiler","Songhai","Common","true","200","40"
"0","Battle Panddo","Songhai","Epic","false","350","100"
"0","Battle Panddo","Songhai","Epic","true","900","350"
"3","Bloodrage Mask","Songhai","Basic","false","0","0"
"0","Bloodrage Mask","Songhai","Basic","true","0","0"
"2","Celestial Phantom","Songhai","Rare","false","100","20"
"0","Celestial Phantom","Songhai","Rare","true","350","100"
"0","Chakri Avatar","Songhai","Basic","false","0","0"
"0","Chakri Avatar","Songhai","Basic","true","0","0"
"3","Cobra Strike","Songhai","Epic","false","350","100"
"0","Cobra Strike","Songhai","Epic","true","900","350"
"0","Crescent Spear","Songhai","Legendary","false","900","350"
"0","Crescent Spear","Songhai","Legendary","true","1800","900"
"0","Crimson Coil","Songhai","Common","false","40","10"
"0","Crimson Coil","Songhai","Common","true","200","40"
"0","Cyclone Mask","Songhai","Epic","false","350","100"
"0","Cyclone Mask","Songhai","Epic","true","900","350"
"3","Deathstrike Seal","Songhai","Rare","false","100","20"
"0","Deathstrike Seal","Songhai","Rare","true","350","100"
"1","Eight Gates","Songhai","Legendary","false","900","350"
"0","Eight Gates","Songhai","Legendary","true","1800","900"
"3","Ethereal Blades","Songhai","Common","false","40","10"
"0","Ethereal Blades","Songhai","Common","true","200","40"
"2","Four Winds Magi","Songhai","Rare","false","100","20"
"0","Four Winds Magi","Songhai","Rare","true","350","100"
"3","Geomancer","Songhai","Rare","false","100","20"
"0","Geomancer","Songhai","Rare","true","350","100"
"3","Ghost Lightning","Songhai","Basic","false","0","0"
"0","Ghost Lightning","Songhai","Basic","true","0","0"
"0","Gore Horn","Songhai","Rare","false","100","20"
"0","Gore Horn","Songhai","Rare","true","350","100"
"0","Grandmaster Zendo","Songhai","Legendary","false","900","350"
"0","Grandmaster Zendo","Songhai","Legendary","true","1800","900"
"1","Hamon Bladeseeker","Songhai","Epic","false","350","100"
"0","Hamon Bladeseeker","Songhai","Epic","true","900","350"
"3","Heartseeker","Songhai","Common","false","40","10"
"0","Heartseeker","Songhai","Common","true","200","40"
"0","Heaven's Eclipse","Songhai","Legendary","false","900","350"
"0","Heaven's Eclipse","Songhai","Legendary","true","1800","900"
"3","Inner Focus","Songhai","Basic","false","0","0"
"0","Inner Focus","Songhai","Basic","true","0","0"
"3","Jade Monk","Songhai","Common","false","40","10"
"0","Jade Monk","Songhai","Common","true","200","40"
"0","Juxtaposition","Songhai","Epic","false","350","100"
"0","Juxtaposition","Songhai","Epic","true","900","350"
"3","Kaido Assassin","Songhai","Basic","false","0","0"
"0","Kaido Assassin","Songhai","Basic","true","0","0"
"1","Katara","Songhai","Common","false","40","10"
"1","Katara","Songhai","Common","true","200","40"
"3","Keshrai Fanblade","Songhai","Common","false","40","10"
"0","Keshrai Fanblade","Songhai","Common","true","200","40"
"0","Ki Beholder","Songhai","Rare","false","100","20"
"0","Ki Beholder","Songhai","Rare","true","350","100"
"3","Killing Edge","Songhai","Basic","false","0","0"
"0","Killing Edge","Songhai","Basic","true","0","0"
"0","Koan of Horns","Songhai","Legendary","false","900","350"
"0","Koan of Horns","Songhai","Legendary","true","1800","900"
"1","Lantern Fox","Songhai","Epic","false","350","100"
"0","Lantern Fox","Songhai","Epic","true","900","350"
"0","Mana Vortex","Songhai","Rare","false","100","20"
"0","Mana Vortex","Songhai","Rare","true","350","100"
"1","Mask of Shadows","Songhai","Legendary","false","900","350"
"0","Mask of Shadows","Songhai","Legendary","true","1800","900"
"1","Mirror Meld","Songhai","Rare","false","100","20"
"0","Mirror Meld","Songhai","Rare","true","350","100"
"1","Mist Dragon Seal","Songhai","Common","false","40","10"
"1","Mist Dragon Seal","Songhai","Common","true","200","40"
"3","Mist Walking","Songhai","Rare","false","100","20"
"0","Mist Walking","Songhai","Rare","true","350","100"
"3","Obscuring Blow","Songhai","Rare","false","100","20"
"0","Obscuring Blow","Songhai","Rare","true","350","100"
"2","Onyx Bear Seal","Songhai","Epic","false","350","100"
"0","Onyx Bear Seal","Songhai","Epic","true","900","350"
"0","Onyx Jaguar","Songhai","Epic","false","350","100"
"0","Onyx Jaguar","Songhai","Epic","true","900","350"
"0","Pandamonium","Songhai","Epic","false","350","100"
"0","Pandamonium","Songhai","Epic","true","900","350"
"3","Phoenix Fire","Songhai","Basic","false","0","0"
"0","Phoenix Fire","Songhai","Basic","true","0","0"
"3","Saberspine Seal","Songhai","Basic","false","0","0"
"0","Saberspine Seal","Songhai","Basic","true","0","0"
"3","Scarlet Viper","Songhai","Common","false","40","10"
"0","Scarlet Viper","Songhai","Common","true","200","40"
"1","Shadow Waltz","Songhai","Common","false","40","10"
"0","Shadow Waltz","Songhai","Common","true","200","40"
"2","Spiral Technique","Songhai","Epic","false","350","100"
"0","Spiral Technique","Songhai","Epic","true","900","350"
"0","Storm Kage","Songhai","Legendary","false","900","350"
"0","Storm Kage","Songhai","Legendary","true","1800","900"
"0","Storm Sister Alkyone","Songhai","Legendary","false","900","350"
"0","Storm Sister Alkyone","Songhai","Legendary","true","1800","900"
"0","Tusk Boar","Songhai","Legendary","false","900","350"
"0","Tusk Boar","Songhai","Legendary","true","1800","900"
"3","Twilight Fox","Songhai","Legendary","false","900","350"
"0","Twilight Fox","Songhai","Legendary","true","1800","900"
"2","Twin Strike","Songhai","Common","false","40","10"
"0","Twin Strike","Songhai","Common","true","200","40"
"3","Whiplash","Songhai","Common","false","40","10"
"0","Whiplash","Songhai","Common","true","200","40"
"3","Widowmaker","Songhai","Basic","false","0","0"
"0","Widowmaker","Songhai","Basic","true","0","0"
"1","Xho","Songhai","Rare","false","100","20"
"0","Xho","Songhai","Rare","true","350","100"
"0","Allomancer","Vetruvian","Epic","false","350","100"
"0","Allomancer","Vetruvian","Epic","true","900","350"
"0","Astral Flood","Vetruvian","Common","false","40","10"
"0","Astral Flood","Vetruvian","Common","true","200","40"
"3","Astral Phasing","Vetruvian","Common","false","40","10"
"0","Astral Phasing","Vetruvian","Common","true","200","40"
"0","Auroras Tears","Vetruvian","Epic","false","350","100"
"0","Auroras Tears","Vetruvian","Epic","true","900","350"
"3","Autarch's Gifts","Vetruvian","Epic","false","350","100"
"0","Autarch's Gifts","Vetruvian","Epic","true","900","350"
"1","Aymara Healer","Vetruvian","Legendary","false","900","350"
"0","Aymara Healer","Vetruvian","Legendary","true","1800","900"
"3","Blindscorch","Vetruvian","Basic","false","0","0"
"0","Blindscorch","Vetruvian","Basic","true","0","0"
"1","Bone Swarm","Vetruvian","Common","false","40","10"
"0","Bone Swarm","Vetruvian","Common","true","200","40"
"0","Circle of Desiccation","Vetruvian","Legendary","false","900","350"
"0","Circle of Desiccation","Vetruvian","Legendary","true","1800","900"
"0","Corpse Combustion","Vetruvian","Epic","false","350","100"
"0","Corpse Combustion","Vetruvian","Epic","true","900","350"
"0","Cosmic Flesh","Vetruvian","Basic","false","0","0"
"0","Cosmic Flesh","Vetruvian","Basic","true","0","0"
"3","Divine Spark","Vetruvian","Common","false","40","10"
"0","Divine Spark","Vetruvian","Common","true","200","40"
"0","Dominate Will","Vetruvian","Rare","false","100","20"
"0","Dominate Will","Vetruvian","Rare","true","350","100"
"2","Dunecaster","Vetruvian","Common","false","40","10"
"0","Dunecaster","Vetruvian","Common","true","200","40"
"3","Entropic Decay","Vetruvian","Basic","false","0","0"
"0","Entropic Decay","Vetruvian","Basic","true","0","0"
"3","Ethereal Obelysk","Vetruvian","Basic","false","0","0"
"0","Ethereal Obelysk","Vetruvian","Basic","true","0","0"
"3","Falcius","Vetruvian","Common","false","40","10"
"0","Falcius","Vetruvian","Common","true","200","40"
"2","Fireblaze Obelysk","Vetruvian","Rare","false","100","20"
"1","Fireblaze Obelysk","Vetruvian","Rare","true","350","100"
"2","Fountain of Youth","Vetruvian","Rare","false","100","20"
"0","Fountain of Youth","Vetruvian","Rare","true","350","100"
"3","Grandmaster Nosh-Rak","Vetruvian","Legendary","false","900","350"
"0","Grandmaster Nosh-Rak","Vetruvian","Legendary","true","1800","900"
"1","Hexblade","Vetruvian","Legendary","false","900","350"
"0","Hexblade","Vetruvian","Legendary","true","1800","900"
"2","Imperial Mechanyst","Vetruvian","Rare","false","100","20"
"0","Imperial Mechanyst","Vetruvian","Rare","true","350","100"
"3","Incinera","Vetruvian","Rare","false","100","20"
"0","Incinera","Vetruvian","Rare","true","350","100"
"2","Inner Oasis","Vetruvian","Rare","false","100","20"
"0","Inner Oasis","Vetruvian","Rare","true","350","100"
"1","Mirage Master","Vetruvian","Epic","false","350","100"
"0","Mirage Master","Vetruvian","Epic","true","900","350"
"0","Nimbus","Vetruvian","Legendary","false","900","350"
"0","Nimbus","Vetruvian","Legendary","true","1800","900"
"1","Orb Weaver","Vetruvian","Common","false","40","10"
"0","Orb Weaver","Vetruvian","Common","true","200","40"
"1","Oserix","Vetruvian","Legendary","false","900","350"
"0","Oserix","Vetruvian","Legendary","true","1800","900"
"0","Pantheran","Vetruvian","Epic","false","350","100"
"0","Pantheran","Vetruvian","Epic","true","900","350"
"3","Pax","Vetruvian","Rare","false","100","20"
"0","Pax","Vetruvian","Rare","true","350","100"
"0","Portal Guardian","Vetruvian","Epic","false","350","100"
"0","Portal Guardian","Vetruvian","Epic","true","900","350"
"1","Psychic Conduit","Vetruvian","Rare","false","100","20"
"0","Psychic Conduit","Vetruvian","Rare","true","350","100"
"3","Pyromancer","Vetruvian","Basic","false","0","0"
"0","Pyromancer","Vetruvian","Basic","true","0","0"
"0","Rae","Vetruvian","Common","false","40","10"
"0","Rae","Vetruvian","Common","true","200","40"
"1","Rasha's Curse","Vetruvian","Epic","false","350","100"
"0","Rasha's Curse","Vetruvian","Epic","true","900","350"
"0","Sand Howler","Vetruvian","Rare","false","100","20"
"0","Sand Howler","Vetruvian","Rare","true","350","100"
"0","Sand Sister Saon","Vetruvian","Legendary","false","900","350"
"0","Sand Sister Saon","Vetruvian","Legendary","true","1800","900"
"3","Sand Trap","Vetruvian","Common","false","40","10"
"0","Sand Trap","Vetruvian","Common","true","200","40"
"3","Scion's First Wish","Vetruvian","Basic","false","0","0"
"0","Scion's First Wish","Vetruvian","Basic","true","0","0"
"3","Scion's Second Wish","Vetruvian","Basic","false","0","0"
"0","Scion's Second Wish","Vetruvian","Basic","true","0","0"
"3","Scion's Third Wish","Vetruvian","Legendary","false","900","350"
"0","Scion's Third Wish","Vetruvian","Legendary","true","1800","900"
"3","Siphon Energy","Vetruvian","Common","false","40","10"
"0","Siphon Energy","Vetruvian","Common","true","200","40"
"0","Spinecleaver","Vetruvian","Legendary","false","900","350"
"0","Spinecleaver","Vetruvian","Legendary","true","1800","900"
"3","Staff Of Y'Kir","Vetruvian","Basic","false","0","0"
"0","Staff Of Y'Kir","Vetruvian","Basic","true","0","0"
"3","Starfire Scarab","Vetruvian","Common","false","40","10"
"0","Starfire Scarab","Vetruvian","Common","true","200","40"
"3","Stars' Fury","Vetruvian","Epic","false","350","100"
"0","Stars' Fury","Vetruvian","Epic","true","900","350"
"3","Stone To Spears","Vetruvian","Rare","false","100","20"
"0","Stone To Spears","Vetruvian","Rare","true","350","100"
"0","Time Maelstrom","Vetruvian","Legendary","false","900","350"
"0","Time Maelstrom","Vetruvian","Legendary","true","1800","900"
"0","Whisper of the Sands","Vetruvian","Common","false","40","10"
"0","Whisper of the Sands","Vetruvian","Common","true","200","40"
"0","Wildfire Ankh","Vetruvian","Epic","false","350","100"
"0","Wildfire Ankh","Vetruvian","Epic","true","900","350"
"3","Wind Shrike","Vetruvian","Basic","false","0","0"
"0","Wind Shrike","Vetruvian","Basic","true","0","0"
"1","Wind Slicer","Vetruvian","Rare","false","100","20"
"0","Wind Slicer","Vetruvian","Rare","true","350","100"
"1","Windstorm Obelysk","Vetruvian","Common","false","40","10"
"0","Windstorm Obelysk","Vetruvian","Common","true","200","40"
"3","Zephyr","Vetruvian","Common","false","40","10"
"0","Zephyr","Vetruvian","Common","true","200","40"
"3","Abyssal Crawler","Abyssian","Basic","false","0","0"
"0","Abyssal Crawler","Abyssian","Basic","true","0","0"
"3","Abyssal Juggernaut","Abyssian","Common","false","40","10"
"0","Abyssal Juggernaut","Abyssian","Common","true","200","40"
"3","Aphotic Drain","Abyssian","Common","false","40","10"
"0","Aphotic Drain","Abyssian","Common","true","200","40"
"0","Arcane Devourer","Abyssian","Epic","false","350","100"
"0","Arcane Devourer","Abyssian","Epic","true","900","350"
"3","Black Solus","Abyssian","Epic","false","350","100"
"0","Black Solus","Abyssian","Epic","true","900","350"
"2","Blood Baronette","Abyssian","Rare","false","100","20"
"0","Blood Baronette","Abyssian","Rare","true","350","100"
"3","Blood Siren","Abyssian","Common","false","40","10"
"0","Blood Siren","Abyssian","Common","true","200","40"
"3","Bloodmoon Priestess","Abyssian","Rare","false","100","20"
"0","Bloodmoon Priestess","Abyssian","Rare","true","350","100"
"1","Breath Of The Unborn","Abyssian","Common","false","40","10"
"0","Breath Of The Unborn","Abyssian","Common","true","200","40"
"2","Consuming Rebirth","Abyssian","Epic","false","350","100"
"0","Consuming Rebirth","Abyssian","Epic","true","900","350"
"3","Daemonic Lure","Abyssian","Basic","false","0","0"
"0","Daemonic Lure","Abyssian","Basic","true","0","0"
"1","Dark Seed","Abyssian","Rare","false","100","20"
"0","Dark Seed","Abyssian","Rare","true","350","100"
"3","Dark Transformation","Abyssian","Basic","false","0","0"
"0","Dark Transformation","Abyssian","Basic","true","0","0"
"1","Darkfire Sacrifice","Abyssian","Rare","false","100","20"
"0","Darkfire Sacrifice","Abyssian","Rare","true","350","100"
"3","Darkspine Elemental","Abyssian","Rare","false","100","20"
"0","Darkspine Elemental","Abyssian","Rare","true","350","100"
"0","Deathfire Crescendo","Abyssian","Legendary","false","900","350"
"0","Deathfire Crescendo","Abyssian","Legendary","true","1800","900"
"3","Deepfire Devourer","Abyssian","Common","false","40","10"
"0","Deepfire Devourer","Abyssian","Common","true","200","40"
"1","Echoing Shriek","Abyssian","Epic","false","350","100"
"0","Echoing Shriek","Abyssian","Epic","true","900","350"
"3","Furosa","Abyssian","Common","false","40","10"
"0","Furosa","Abyssian","Common","true","200","40"
"0","Ghost Azalea","Abyssian","Legendary","false","900","350"
"0","Ghost Azalea","Abyssian","Legendary","true","1800","900"
"3","Gloomchaser","Abyssian","Basic","false","0","0"
"3","Gloomchaser","Abyssian","Basic","true","0","0"
"1","Gor","Abyssian","Common","false","40","10"
"0","Gor","Abyssian","Common","true","200","40"
"3","Grandmaster Variax","Abyssian","Legendary","false","900","350"
"0","Grandmaster Variax","Abyssian","Legendary","true","1800","900"
"3","Grasp of Agony","Abyssian","Common","false","40","10"
"0","Grasp of Agony","Abyssian","Common","true","200","40"
"3","Horn of the Forsaken","Abyssian","Basic","false","0","0"
"0","Horn of the Forsaken","Abyssian","Basic","true","0","0"
"3","Horror Burster","Abyssian","Rare","false","100","20"
"0","Horror Burster","Abyssian","Rare","true","350","100"
"2","Inkhorn Gaze","Abyssian","Common","false","40","10"
"0","Inkhorn Gaze","Abyssian","Common","true","200","40"
"0","Klaxon","Abyssian","Legendary","false","900","350"
"0","Klaxon","Abyssian","Legendary","true","1800","900"
"1","Lurking Fear","Abyssian","Epic","false","350","100"
"0","Lurking Fear","Abyssian","Epic","true","900","350"
"3","Necrotic Sphere","Abyssian","Epic","false","350","100"
"0","Necrotic Sphere","Abyssian","Epic","true","900","350"
"1","Nether Summoning","Abyssian","Legendary","false","900","350"
"0","Nether Summoning","Abyssian","Legendary","true","1800","900"
"2","Night Fiend","Abyssian","Common","false","40","10"
"0","Night Fiend","Abyssian","Common","true","200","40"
"1","Nightsorrow Assassin","Abyssian","Common","false","40","10"
"0","Nightsorrow Assassin","Abyssian","Common","true","200","40"
"0","Obliterate","Abyssian","Legendary","false","900","350"
"0","Obliterate","Abyssian","Legendary","true","1800","900"
"3","Ooz","Abyssian","Rare","false","100","20"
"0","Ooz","Abyssian","Rare","true","350","100"
"3","Punish","Abyssian","Rare","false","100","20"
"0","Punish","Abyssian","Rare","true","350","100"
"0","Reaper of the Nine Moons","Abyssian","Epic","false","350","100"
"0","Reaper of the Nine Moons","Abyssian","Epic","true","900","350"
"1","Rite Of The Undervault","Abyssian","Epic","false","350","100"
"0","Rite Of The Undervault","Abyssian","Epic","true","900","350"
"3","Ritual Banishing","Abyssian","Rare","false","100","20"
"0","Ritual Banishing","Abyssian","Rare","true","350","100"
"3","Shadow Nova","Abyssian","Basic","false","0","0"
"0","Shadow Nova","Abyssian","Basic","true","0","0"
"1","Shadow Reflection","Abyssian","Common","false","40","10"
"0","Shadow Reflection","Abyssian","Common","true","200","40"
"0","Shadow Sister Kelaino","Abyssian","Legendary","false","900","350"
"0","Shadow Sister Kelaino","Abyssian","Legendary","true","1800","900"
"3","Shadow Watcher","Abyssian","Basic","false","0","0"
"0","Shadow Watcher","Abyssian","Basic","true","0","0"
"3","Shadowdancer","Abyssian","Rare","false","100","20"
"0","Shadowdancer","Abyssian","Rare","true","350","100"
"0","Soul Grimwar","Abyssian","Legendary","false","900","350"
"0","Soul Grimwar","Abyssian","Legendary","true","1800","900"
"3","Soulshatter Pact","Abyssian","Basic","false","0","0"
"0","Soulshatter Pact","Abyssian","Basic","true","0","0"
"1","Spectral Blade","Abyssian","Epic","false","350","100"
"0","Spectral Blade","Abyssian","Epic","true","900","350"
"1","Spectral Revenant","Abyssian","Legendary","false","900","350"
"0","Spectral Revenant","Abyssian","Legendary","true","1800","900"
"3","Sphere of Darkness","Abyssian","Common","false","40","10"
"0","Sphere of Darkness","Abyssian","Common","true","200","40"
"3","Void Pulse","Abyssian","Common","false","40","10"
"0","Void Pulse","Abyssian","Common","true","200","40"
"0","Void Steal","Abyssian","Rare","false","100","20"
"0","Void Steal","Abyssian","Rare","true","350","100"
"1","Vorpal Reaver","Abyssian","Legendary","false","900","350"
"0","Vorpal Reaver","Abyssian","Legendary","true","1800","900"
"1","Wraithling Fury","Abyssian","Epic","false","350","100"
"0","Wraithling Fury","Abyssian","Epic","true","900","350"
"3","Wraithling Swarm","Abyssian","Basic","false","0","0"
"0","Wraithling Swarm","Abyssian","Basic","true","0","0"
"3","Adamantite Claws","Magmar","Basic","false","0","0"
"0","Adamantite Claws","Magmar","Basic","true","0","0"
"3","Amplification","Magmar","Common","false","40","10"
"0","Amplification","Magmar","Common","true","200","40"
"1","Bounded Lifeforce","Magmar","Epic","false","350","100"
"0","Bounded Lifeforce","Magmar","Epic","true","900","350"
"1","Chrysalis Burst","Magmar","Legendary","false","900","350"
"0","Chrysalis Burst","Magmar","Legendary","true","1800","900"
"3","Dampening Wave","Magmar","Basic","false","0","0"
"0","Dampening Wave","Magmar","Basic","true","0","0"
"3","Dance of Dreams","Magmar","Basic","false","0","0"
"0","Dance of Dreams","Magmar","Basic","true","0","0"
"1","Diretide Frenzy","Magmar","Common","false","40","10"
"0","Diretide Frenzy","Magmar","Common","true","200","40"
"0","Dreadnought","Magmar","Legendary","false","900","350"
"0","Dreadnought","Magmar","Legendary","true","1800","900"
"3","Drogon","Magmar","Legendary","false","900","350"
"0","Drogon","Magmar","Legendary","true","1800","900"
"0","Earth Sister Taygete","Magmar","Legendary","false","900","350"
"0","Earth Sister Taygete","Magmar","Legendary","true","1800","900"
"1","Earth Sphere","Magmar","Common","false","40","10"
"0","Earth Sphere","Magmar","Common","true","200","40"
"3","Earth Walker","Magmar","Basic","false","0","0"
"0","Earth Walker","Magmar","Basic","true","0","0"
"3","Egg Morph","Magmar","Rare","false","100","20"
"0","Egg Morph","Magmar","Rare","true","350","100"
"2","Elucidator","Magmar","Rare","false","100","20"
"0","Elucidator","Magmar","Rare","true","350","100"
"3","Entropic Gaze","Magmar","Common","false","40","10"
"0","Entropic Gaze","Magmar","Common","true","200","40"
"0","Flaming Stampede","Magmar","Legendary","false","900","350"
"0","Flaming Stampede","Magmar","Legendary","true","1800","900"
"3","Flash Reincarnation","Magmar","Rare","false","100","20"
"0","Flash Reincarnation","Magmar","Rare","true","350","100"
"1","Fractal Replication","Magmar","Epic","false","350","100"
"0","Fractal Replication","Magmar","Epic","true","900","350"
"3","Greater Fortitude","Magmar","Basic","false","0","0"
"3","Greater Fortitude","Magmar","Basic","true","0","0"
"1","Grimrock","Magmar","Common","false","40","10"
"0","Grimrock","Magmar","Common","true","200","40"
"2","Gro","Magmar","Rare","false","100","20"
"0","Gro","Magmar","Rare","true","350","100"
"0","Iridium Scale","Magmar","Epic","false","350","100"
"0","Iridium Scale","Magmar","Epic","true","900","350"
"3","Kinetic Equilibrium","Magmar","Rare","false","100","20"
"0","Kinetic Equilibrium","Magmar","Rare","true","350","100"
"3","Kolossus","Magmar","Common","false","40","10"
"0","Kolossus","Magmar","Common","true","200","40"
"1","Kujata","Magmar","Epic","false","350","100"
"0","Kujata","Magmar","Epic","true","900","350"
"1","Lava Lance","Magmar","Common","false","40","10"
"0","Lava Lance","Magmar","Common","true","200","40"
"1","Makantor Warbeast","Magmar","Epic","false","350","100"
"0","Makantor Warbeast","Magmar","Epic","true","900","350"
"0","Mandrake","Magmar","Rare","false","100","20"
"0","Mandrake","Magmar","Rare","true","350","100"
"0","Metamorphosis","Magmar","Legendary","false","900","350"
"0","Metamorphosis","Magmar","Legendary","true","1800","900"
"2","Mind Steal","Magmar","Epic","false","350","100"
"0","Mind Steal","Magmar","Epic","true","900","350"
"0","Moloki Huntress","Magmar","Epic","false","350","100"
"0","Moloki Huntress","Magmar","Epic","true","900","350"
"0","Morin-Khur","Magmar","Legendary","false","900","350"
"0","Morin-Khur","Magmar","Legendary","true","1800","900"
"3","Natural Selection","Magmar","Basic","false","0","0"
"0","Natural Selection","Magmar","Basic","true","0","0"
"1","Nature's Confluence","Magmar","Epic","false","350","100"
"0","Nature's Confluence","Magmar","Epic","true","900","350"
"3","Phalanxar","Magmar","Basic","false","0","0"
"3","Phalanxar","Magmar","Basic","true","0","0"
"3","Plasma Storm","Magmar","Basic","false","0","0"
"0","Plasma Storm","Magmar","Basic","true","0","0"
"3","Primordial Gazer","Magmar","Basic","false","0","0"
"0","Primordial Gazer","Magmar","Basic","true","0","0"
"3","Rancour","Magmar","Rare","false","100","20"
"0","Rancour","Magmar","Rare","true","350","100"
"1","Razor Skin","Magmar","Common","false","40","10"
"0","Razor Skin","Magmar","Common","true","200","40"
"1","Rex","Magmar","Common","false","40","10"
"0","Rex","Magmar","Common","true","200","40"
"0","Silithar Elder","Magmar","Legendary","false","900","350"
"0","Silithar Elder","Magmar","Legendary","true","1800","900"
"1","Spirit Harvester","Magmar","Rare","false","100","20"
"0","Spirit Harvester","Magmar","Rare","true","350","100"
"3","Tectonic Spikes","Magmar","Rare","false","100","20"
"0","Tectonic Spikes","Magmar","Rare","true","350","100"
"3","Thraex","Magmar","Common","false","40","10"
"0","Thraex","Magmar","Common","true","200","40"
"1","Thumping Wave","Magmar","Rare","false","100","20"
"0","Thumping Wave","Magmar","Rare","true","350","100"
"3","Tremor","Magmar","Common","false","40","10"
"0","Tremor","Magmar","Common","true","200","40"
"0","Twin Fang","Magmar","Legendary","false","900","350"
"0","Twin Fang","Magmar","Legendary","true","1800","900"
"0","Unstable Leviathan","Magmar","Rare","false","100","20"
"0","Unstable Leviathan","Magmar","Rare","true","350","100"
"3","Valknu's Seal","Magmar","Epic","false","350","100"
"0","Valknu's Seal","Magmar","Epic","true","900","350"
"0","Veteran Silithar","Magmar","Common","false","40","10"
"0","Veteran Silithar","Magmar","Common","true","200","40"
"0","Vindicator","Magmar","Legendary","false","900","350"
"0","Vindicator","Magmar","Legendary","true","1800","900"
"0","Visionar","Magmar","Epic","false","350","100"
"0","Visionar","Magmar","Epic","true","900","350"
"1","Wild Inceptor","Magmar","Common","false","40","10"
"0","Wild Inceptor","Magmar","Common","true","200","40"
"2","Young Silithar","Magmar","Common","false","40","10"
"0","Young Silithar","Magmar","Common","true","200","40"
"0","Altered Beast","Vanar","Common","false","40","10"
"0","Altered Beast","Vanar","Common","true","200","40"
"0","Ancient Grove","Vanar","Legendary","false","900","350"
"0","Ancient Grove","Vanar","Legendary","true","1800","900"
"3","Arctic Displacer","Vanar","Basic","false","0","0"
"0","Arctic Displacer","Vanar","Basic","true","0","0"
"1","Aspect of the Drake","Vanar","Epic","false","350","100"
"0","Aspect of the Drake","Vanar","Epic","true","900","350"
"3","Aspect of the Fox","Vanar","Basic","false","0","0"
"0","Aspect of the Fox","Vanar","Basic","true","0","0"
"0","Aspect of the Mountains","Vanar","Legendary","false","900","350"
"0","Aspect of the Mountains","Vanar","Legendary","true","1800","900"
"3","Avalanche","Vanar","Basic","false","0","0"
"0","Avalanche","Vanar","Basic","true","0","0"
"1","Blazing Spines","Vanar","Rare","false","100","20"
"0","Blazing Spines","Vanar","Rare","true","350","100"
"3","Bonechill Barrier","Vanar","Common","false","40","10"
"0","Bonechill Barrier","Vanar","Common","true","200","40"
"3","Borean Bear","Vanar","Common","false","40","10"
"0","Borean Bear","Vanar","Common","true","200","40"
"0","Boundless Courage","Vanar","Epic","false","350","100"
"0","Boundless Courage","Vanar","Epic","true","900","350"
"0","Bur","Vanar","Rare","false","100","20"
"0","Bur","Vanar","Rare","true","350","100"
"3","Chromatic Cold","Vanar","Basic","false","0","0"
"0","Chromatic Cold","Vanar","Basic","true","0","0"
"1","Coldbiter","Vanar","Legendary","false","900","350"
"0","Coldbiter","Vanar","Legendary","true","1800","900"
"3","Concealing Shroud","Vanar","Rare","false","100","20"
"0","Concealing Shroud","Vanar","Rare","true","350","100"
"3","Cryogenesis","Vanar","Common","false","40","10"
"0","Cryogenesis","Vanar","Common","true","200","40"
"3","Crystal Cloaker","Vanar","Basic","false","0","0"
"3","Crystal Cloaker","Vanar","Basic","true","0","0"
"1","Crystal Wisp","Vanar","Common","false","40","10"
"0","Crystal Wisp","Vanar","Common","true","200","40"
"1","Draugar Lord","Vanar","Epic","false","350","100"
"0","Draugar Lord","Vanar","Epic","true","900","350"
"3","Enfeeble","Vanar","Epic","false","350","100"
"0","Enfeeble","Vanar","Epic","true","900","350"
"3","Fenrir Warmaster","Vanar","Basic","false","0","0"
"0","Fenrir Warmaster","Vanar","Basic","true","0","0"
"3","Flash Freeze","Vanar","Basic","false","0","0"
"0","Flash Freeze","Vanar","Basic","true","0","0"
"3","Frigid Corona","Vanar","Common","false","40","10"
"0","Frigid Corona","Vanar","Common","true","200","40"
"0","Frostburn","Vanar","Rare","false","100","20"
"0","Frostburn","Vanar","Rare","true","350","100"
"3","Frostfire","Vanar","Basic","false","0","0"
"0","Frostfire","Vanar","Basic","true","0","0"
"0","Frosthorn Rhyno","Vanar","Epic","false","350","100"
"0","Frosthorn Rhyno","Vanar","Epic","true","900","350"
"0","Frostiva","Vanar","Legendary","false","900","350"
"0","Frostiva","Vanar","Legendary","true","1800","900"
"3","Glacial Elemental","Vanar","Rare","false","100","20"
"0","Glacial Elemental","Vanar","Rare","true","350","100"
"3","Grandmaster Embla","Vanar","Legendary","false","900","350"
"0","Grandmaster Embla","Vanar","Legendary","true","1800","900"
"1","Gravity Well","Vanar","Legendary","false","900","350"
"0","Gravity Well","Vanar","Legendary","true","1800","900"
"3","Hailstone Prison","Vanar","Common","false","40","10"
"0","Hailstone Prison","Vanar","Common","true","200","40"
"3","Hearth-Sister","Vanar","Common","false","40","10"
"0","Hearth-Sister","Vanar","Common","true","200","40"
"0","Huldra","Vanar","Rare","false","100","20"
"0","Huldra","Vanar","Rare","true","350","100"
"0","Iceblade Dryad","Vanar","Epic","false","350","100"
"0","Iceblade Dryad","Vanar","Epic","true","900","350"
"1","Icy","Vanar","Common","false","40","10"
"0","Icy","Vanar","Common","true","200","40"
"0","Lightning Blitz","Vanar","Epic","false","350","100"
"0","Lightning Blitz","Vanar","Epic","true","900","350"
"3","Mark of Solitude","Vanar","Rare","false","100","20"
"0","Mark of Solitude","Vanar","Rare","true","350","100"
"2","Mesmerize","Vanar","Rare","false","100","20"
"0","Mesmerize","Vanar","Rare","true","350","100"
"3","Myriad","Vanar","Common","false","40","10"
"0","Myriad","Vanar","Common","true","200","40"
"3","Polarity","Vanar","Common","false","40","10"
"0","Polarity","Vanar","Common","true","200","40"
"2","Razorback","Vanar","Rare","false","100","20"
"0","Razorback","Vanar","Rare","true","350","100"
"3","Sleet Dasher","Vanar","Rare","false","100","20"
"0","Sleet Dasher","Vanar","Rare","true","350","100"
"2","Snow Chaser","Vanar","Rare","false","100","20"
"0","Snow Chaser","Vanar","Rare","false","100","20"
"1","Snow Chaser","Vanar","Rare","true","350","100"
"0","Snow Chaser","Vanar","Rare","true","350","100"
"3","Snow Rippler","Vanar","Common","false","40","10"
"0","Snow Rippler","Vanar","Common","true","200","40"
"3","Snowpiercer","Vanar","Basic","false","0","0"
"0","Snowpiercer","Vanar","Basic","true","0","0"
"1","Spirit of the Wild","Vanar","Epic","false","350","100"
"0","Spirit of the Wild","Vanar","Epic","true","900","350"
"0","Vespyric Call","Vanar","Epic","false","350","100"
"0","Vespyric Call","Vanar","Epic","true","900","350"
"1","Voice of the Wind","Vanar","Legendary","false","900","350"
"0","Voice of the Wind","Vanar","Legendary","true","1800","900"
"1","Wailing Overdrive","Vanar","Common","false","40","10"
"0","Wailing Overdrive","Vanar","Common","true","200","40"
"0","White Asp","Vanar","Legendary","false","900","350"
"0","White Asp","Vanar","Legendary","true","1800","900"
"0","Wind Sister Maia","Vanar","Legendary","false","900","350"
"0","Wind Sister Maia","Vanar","Legendary","true","1800","900"
"0","Winter's Wake","Vanar","Legendary","false","900","350"
"0","Winter's Wake","Vanar","Legendary","true","1800","900"
"0","Winterblade","Vanar","Epic","false","350","100"
"0","Winterblade","Vanar","Epic","true","900","350"
"1","Wolfraven","Vanar","Common","false","40","10"
"0","Wolfraven","Vanar","Common","true","200","40"
"2","Abjudicator","Neutral","Rare","false","100","20"
"0","Abjudicator","Neutral","Rare","true","350","100"
"1","Aethermaster","Neutral","Epic","false","350","100"
"0","Aethermaster","Neutral","Epic","true","900","350"
"2","Alcuin Loremaster","Neutral","Epic","false","350","100"
"0","Alcuin Loremaster","Neutral","Epic","true","900","350"
"0","Alter Rexx","Neutral","Legendary","false","900","350"
"0","Alter Rexx","Neutral","Legendary","true","1800","900"
"2","Amu","Neutral","Common","false","40","10"
"0","Amu","Neutral","Common","true","200","40"
"1","Araki Headhunter","Neutral","Epic","false","350","100"
"0","Araki Headhunter","Neutral","Epic","true","900","350"
"3","Archon Spellbinder","Neutral","Legendary","false","900","350"
"0","Archon Spellbinder","Neutral","Legendary","true","1800","900"
"3","Arrow Whistler","Neutral","Common","false","40","10"
"0","Arrow Whistler","Neutral","Common","true","200","40"
"0","Artifact Hunter","Neutral","Epic","false","350","100"
"0","Artifact Hunter","Neutral","Epic","true","900","350"
"3","Ash Mephyt","Neutral","Common","false","40","10"
"0","Ash Mephyt","Neutral","Common","true","200","40"
"1","Astral Crusader","Neutral","Legendary","false","900","350"
"0","Astral Crusader","Neutral","Legendary","true","1800","900"
"3","Azure Herald","Neutral","Common","false","40","10"
"0","Azure Herald","Neutral","Common","true","200","40"
"3","Azure Horn Shaman","Neutral","Rare","false","100","20"
"1","Azure Horn Shaman","Neutral","Rare","true","350","100"
"0","Bastion","Neutral","Epic","false","350","100"
"0","Bastion","Neutral","Epic","true","900","350"
"0","Beastmaster","Neutral","Rare","false","100","20"
"0","Beastmaster","Neutral","Rare","true","350","100"
"0","Black Locust","Neutral","Legendary","false","900","350"
"0","Black Locust","Neutral","Legendary","true","1800","900"
"3","Blaze Hound","Neutral","Common","false","40","10"
"0","Blaze Hound","Neutral","Common","true","200","40"
"2","Blistering Skorn","Neutral","Common","false","40","10"
"0","Blistering Skorn","Neutral","Common","true","200","40"
"3","Blood Taura","Neutral","Epic","false","350","100"
"0","Blood Taura","Neutral","Epic","true","900","350"
"3","Bloodletter","Neutral","Basic","false","0","0"
"0","Bloodletter","Neutral","Basic","true","0","0"
"3","Bloodshard Golem","Neutral","Basic","false","0","0"
"0","Bloodshard Golem","Neutral","Basic","true","0","0"
"3","Bloodtear Alchemist","Neutral","Basic","false","0","0"
"0","Bloodtear Alchemist","Neutral","Basic","true","0","0"
"3","Bluetip Scorpion","Neutral","Common","false","40","10"
"0","Bluetip Scorpion","Neutral","Common","true","200","40"
"0","Bonereaper","Neutral","Epic","false","350","100"
"0","Bonereaper","Neutral","Epic","true","900","350"
"3","Brightmoss Golem","Neutral","Basic","false","0","0"
"0","Brightmoss Golem","Neutral","Basic","true","0","0"
"0","Calculator","Neutral","Epic","false","350","100"
"0","Calculator","Neutral","Epic","true","900","350"
"2","Cannon of MECHAZ0R","Neutral","Rare","false","100","20"
"0","Cannon of MECHAZ0R","Neutral","Rare","true","350","100"
"2","Captain Hank Hart","Neutral","Epic","false","350","100"
"0","Captain Hank Hart","Neutral","Epic","true","900","350"
"3","Chakkram","Neutral","Rare","false","100","20"
"0","Chakkram","Neutral","Rare","true","350","100"
"2","Chaos Elemental","Neutral","Epic","false","350","100"
"0","Chaos Elemental","Neutral","Epic","true","900","350"
"0","Chassis of MECHAZ0R","Neutral","Epic","false","350","100"
"0","Chassis of MECHAZ0R","Neutral","Epic","true","900","350"
"3","Crimson Oculus","Neutral","Rare","false","100","20"
"0","Crimson Oculus","Neutral","Rare","true","350","100"
"1","Crossbones","Neutral","Rare","false","100","20"
"0","Crossbones","Neutral","Rare","true","350","100"
"3","Cryptographer","Neutral","Common","false","40","10"
"0","Cryptographer","Neutral","Common","true","200","40"
"3","Dagger Kiri","Neutral","Common","false","40","10"
"0","Dagger Kiri","Neutral","Common","true","200","40"
"2","Dancing Blades","Neutral","Common","false","40","10"
"0","Dancing Blades","Neutral","Common","true","200","40"
"2","Dark Nemesis","Neutral","Legendary","false","900","350"
"0","Dark Nemesis","Neutral","Legendary","true","1800","900"
"0","Day Watcher","Neutral","Common","false","40","10"
"0","Day Watcher","Neutral","Common","true","200","40"
"3","Deathblighter","Neutral","Common","false","40","10"
"0","Deathblighter","Neutral","Common","true","200","40"
"0","Decimus","Neutral","Legendary","false","900","350"
"0","Decimus","Neutral","Legendary","true","1800","900"
"2","Diamond Golem","Neutral","Common","false","40","10"
"0","Diamond Golem","Neutral","Common","true","200","40"
"1","Dioltas","Neutral","Epic","false","350","100"
"1","Dioltas","Neutral","Epic","true","900","350"
"3","Dragonbone Golem","Neutral","Basic","false","0","0"
"0","Dragonbone Golem","Neutral","Basic","true","0","0"
"3","Dragonlark","Neutral","Basic","false","0","0"
"0","Dragonlark","Neutral","Basic","true","0","0"
"0","Dreamgazer","Neutral","Epic","false","350","100"
"0","Dreamgazer","Neutral","Epic","true","900","350"
"0","Dust Wailer","Neutral","Rare","false","100","20"
"0","Dust Wailer","Neutral","Rare","true","350","100"
"0","E'Xun","Neutral","Legendary","false","900","350"
"0","E'Xun","Neutral","Legendary","true","1800","900"
"0","Eclipse","Neutral","Legendary","false","900","350"
"0","Eclipse","Neutral","Legendary","true","1800","900"
"1","Elkowl","Neutral","Rare","false","100","20"
"0","Elkowl","Neutral","Rare","true","350","100"
"0","Emerald Rejuvenator","Neutral","Rare","false","100","20"
"0","Emerald Rejuvenator","Neutral","Rare","true","350","100"
"1","Envybaer","Neutral","Legendary","false","900","350"
"0","Envybaer","Neutral","Legendary","true","1800","900"
"3","Ephemeral Shroud","Neutral","Basic","false","0","0"
"0","Ephemeral Shroud","Neutral","Basic","true","0","0"
"3","Fire Spitter","Neutral","Basic","false","0","0"
"0","Fire Spitter","Neutral","Basic","true","0","0"
"3","Fireblazer","Neutral","Common","false","40","10"
"0","Fireblazer","Neutral","Common","true","200","40"
"2","Firestarter","Neutral","Rare","false","100","20"
"0","Firestarter","Neutral","Rare","true","350","100"
"1","First Sword of Akrane","Neutral","Common","false","40","10"
"0","First Sword of Akrane","Neutral","Common","true","200","40"
"1","Flameblood Warlock","Neutral","Rare","false","100","20"
"0","Flameblood Warlock","Neutral","Rare","true","350","100"
"1","Frostbone Naga","Neutral","Common","false","40","10"
"0","Frostbone Naga","Neutral","Common","true","200","40"
"3","Ghost Lynx","Neutral","Common","false","40","10"
"0","Ghost Lynx","Neutral","Common","true","200","40"
"1","Gnasher","Neutral","Common","false","40","10"
"0","Gnasher","Neutral","Common","true","200","40"
"3","Golden Justicar","Neutral","Epic","false","350","100"
"0","Golden Justicar","Neutral","Epic","true","900","350"
"1","Golden Mantella","Neutral","Common","false","40","10"
"0","Golden Mantella","Neutral","Common","true","200","40"
"2","Golem Metallurgist","Neutral","Rare","false","100","20"
"0","Golem Metallurgist","Neutral","Rare","true","350","100"
"0","Golem Vanquisher","Neutral","Legendary","false","900","350"
"0","Golem Vanquisher","Neutral","Legendary","true","1800","900"
"3","Grailmaster","Neutral","Epic","false","350","100"
"0","Grailmaster","Neutral","Epic","true","900","350"
"2","Grincher","Neutral","Rare","false","100","20"
"0","Grincher","Neutral","Rare","true","350","100"
"1","Grove Lion","Neutral","Epic","false","350","100"
"0","Grove Lion","Neutral","Epic","true","900","350"
"3","Hailstone Golem","Neutral","Basic","false","0","0"
"0","Hailstone Golem","Neutral","Basic","true","0","0"
"3","Healing Mystic","Neutral","Basic","false","0","0"
"0","Healing Mystic","Neutral","Basic","true","0","0"
"0","Helm of MECHAZ0R","Neutral","Common","false","40","10"
"0","Helm of MECHAZ0R","Neutral","Common","true","200","40"
"0","Hollow Grovekeeper","Neutral","Legendary","false","900","350"
"0","Hollow Grovekeeper","Neutral","Legendary","true","1800","900"
"0","Hydrax","Neutral","Legendary","false","900","350"
"0","Hydrax","Neutral","Legendary","true","1800","900"
"0","Inquisitor Kron","Neutral","Legendary","false","900","350"
"0","Inquisitor Kron","Neutral","Legendary","true","1800","900"
"1","Ion","Neutral","Rare","false","100","20"
"0","Ion","Neutral","Rare","true","350","100"
"3","Ironclad","Neutral","Epic","false","350","100"
"0","Ironclad","Neutral","Epic","true","900","350"
"0","Jax Truesight","Neutral","Legendary","false","900","350"
"0","Jax Truesight","Neutral","Legendary","true","1800","900"
"3","Jaxi","Neutral","Common","false","40","10"
"0","Jaxi","Neutral","Common","true","200","40"
"1","Keeper of the Vale","Neutral","Legendary","false","900","350"
"1","Keeper of the Vale","Neutral","Legendary","false","900","350"
"0","Keeper of the Vale","Neutral","Legendary","true","1800","900"
"0","Keeper of the Vale","Neutral","Legendary","true","1800","900"
"0","Khymera","Neutral","Legendary","false","900","350"
"0","Khymera","Neutral","Legendary","true","1800","900"
"0","Koi","Neutral","Common","false","40","10"
"0","Koi","Neutral","Common","true","200","40"
"3","Komodo Charger","Neutral","Basic","false","0","0"
"0","Komodo Charger","Neutral","Basic","true","0","0"
"0","Lady Locke","Neutral","Legendary","false","900","350"
"0","Lady Locke","Neutral","Legendary","true","1800","900"
"0","Lightbender","Neutral","Rare","false","100","20"
"0","Lightbender","Neutral","Rare","true","350","100"
"0","Lux Ignis","Neutral","Epic","false","350","100"
"0","Lux Ignis","Neutral","Epic","true","900","350"
"3","Manaforger","Neutral","Rare","false","100","20"
"0","Manaforger","Neutral","Rare","true","350","100"
"1","Maw","Neutral","Common","false","40","10"
"0","Maw","Neutral","Common","true","200","40"
"3","Meltdown","Neutral","Legendary","false","900","350"
"0","Meltdown","Neutral","Legendary","true","1800","900"
"0","Mindwarper","Neutral","Rare","false","100","20"
"0","Mindwarper","Neutral","Rare","true","350","100"
"0","Mirkblood Devourer","Neutral","Legendary","false","900","350"
"0","Mirkblood Devourer","Neutral","Legendary","true","1800","900"
"0","Moebius","Neutral","Epic","false","350","100"
"0","Moebius","Neutral","Epic","true","900","350"
"1","Mogwai","Neutral","Epic","false","350","100"
"0","Mogwai","Neutral","Epic","true","900","350"
"3","Necroseer","Neutral","Basic","false","0","0"
"0","Necroseer","Neutral","Basic","true","0","0"
"1","Night Watcher","Neutral","Epic","false","350","100"
"0","Night Watcher","Neutral","Epic","true","900","350"
"2","Owlbeast Sage","Neutral","Rare","false","100","20"
"0","Owlbeast Sage","Neutral","Rare","true","350","100"
"0","Paddo","Neutral","Legendary","false","900","350"
"0","Paddo","Neutral","Legendary","true","1800","900"
"1","Pandora","Neutral","Legendary","false","900","350"
"0","Pandora","Neutral","Legendary","true","1800","900"
"3","Piercing Mantis","Neutral","Basic","false","0","0"
"3","Piercing Mantis","Neutral","Basic","true","0","0"
"3","Planar Scout","Neutral","Basic","false","0","0"
"0","Planar Scout","Neutral","Basic","true","0","0"
"3","Primus Fist","Neutral","Common","false","40","10"
"0","Primus Fist","Neutral","Common","true","200","40"
"3","Primus Shieldmaster","Neutral","Basic","false","0","0"
"0","Primus Shieldmaster","Neutral","Basic","true","0","0"
"0","Prismatic Illusionist","Neutral","Rare","false","100","20"
"0","Prismatic Illusionist","Neutral","Rare","true","350","100"
"2","Prophet of the White Palm","Neutral","Rare","false","100","20"
"0","Prophet of the White Palm","Neutral","Rare","true","350","100"
"3","Purgatos, The Realmkeeper","Neutral","Epic","false","350","100"
"0","Purgatos, The Realmkeeper","Neutral","Epic","true","900","350"
"3","Putrid Dreadflayer","Neutral","Basic","false","0","0"
"0","Putrid Dreadflayer","Neutral","Basic","true","0","0"
"0","Quartermaster Gauj","Neutral","Legendary","false","900","350"
"0","Quartermaster Gauj","Neutral","Legendary","true","1800","900"
"0","Rawr","Neutral","Legendary","false","900","350"
"0","Rawr","Neutral","Legendary","true","1800","900"
"1","Red Synja","Neutral","Legendary","false","900","350"
"0","Red Synja","Neutral","Legendary","true","1800","900"
"3","Repulsor Beast","Neutral","Basic","false","0","0"
"0","Repulsor Beast","Neutral","Basic","true","0","0"
"3","Rock Pulverizer","Neutral","Basic","false","0","0"
"3","Rock Pulverizer","Neutral","Basic","true","0","0"
"3","Rogue Warden","Neutral","Common","false","40","10"
"0","Rogue Warden","Neutral","Common","true","200","40"
"1","Rook","Neutral","Legendary","false","900","350"
"0","Rook","Neutral","Legendary","true","1800","900"
"0","Ruby Rifter","Neutral","Legendary","false","900","350"
"0","Ruby Rifter","Neutral","Legendary","true","1800","900"
"2","Rust Crawler","Neutral","Common","false","40","10"
"0","Rust Crawler","Neutral","Common","true","200","40"
"3","Saberspine Tiger","Neutral","Basic","false","0","0"
"3","Saberspine Tiger","Neutral","Basic","false","0","0"
"0","Saberspine Tiger","Neutral","Basic","true","0","0"
"0","Saberspine Tiger","Neutral","Basic","true","0","0"
"1","Sand Burrower","Neutral","Common","false","40","10"
"0","Sand Burrower","Neutral","Common","true","200","40"
"3","Sanguinar","Neutral","Rare","false","100","20"
"0","Sanguinar","Neutral","Rare","true","350","100"
"2","Sapphire Seer","Neutral","Common","false","40","10"
"0","Sapphire Seer","Neutral","Common","true","200","40"
"2","Sarlac the Eternal","Neutral","Legendary","false","900","350"
"0","Sarlac the Eternal","Neutral","Legendary","false","900","350"
"0","Sarlac the Eternal","Neutral","Legendary","true","1800","900"
"0","Sarlac the Eternal","Neutral","Legendary","true","1800","900"
"3","Serpenti","Neutral","Common","false","40","10"
"0","Serpenti","Neutral","Common","true","200","40"
"3","Shiro Puppydragon","Neutral","Common","false","40","10"
"0","Shiro Puppydragon","Neutral","Common","true","200","40"
"3","Silhouette Tracer","Neutral","Common","false","40","10"
"0","Silhouette Tracer","Neutral","Common","true","200","40"
"0","Silverbeak","Neutral","Common","false","40","10"
"0","Silverbeak","Neutral","Common","true","200","40"
"1","Silvertongue Corsair","Neutral","Rare","false","100","20"
"0","Silvertongue Corsair","Neutral","Rare","true","350","100"
"3","Skyrock Golem","Neutral","Basic","false","0","0"
"0","Skyrock Golem","Neutral","Basic","true","0","0"
"1","Skywing","Neutral","Rare","false","100","20"
"0","Skywing","Neutral","Rare","true","350","100"
"0","Soboro","Neutral","Epic","false","350","100"
"0","Soboro","Neutral","Epic","true","900","350"
"3","Sojourner","Neutral","Rare","false","100","20"
"0","Sojourner","Neutral","Rare","true","350","100"
"3","Sol","Neutral","Rare","false","100","20"
"0","Sol","Neutral","Rare","true","350","100"
"0","Songweaver","Neutral","Common","false","40","10"
"0","Songweaver","Neutral","Common","true","200","40"
"2","Spelljammer","Neutral","Legendary","false","900","350"
"0","Spelljammer","Neutral","Legendary","false","900","350"
"1","Spelljammer","Neutral","Legendary","true","1800","900"
"0","Spelljammer","Neutral","Legendary","true","1800","900"
"0","Sphynx","Neutral","Legendary","false","900","350"
"0","Sphynx","Neutral","Legendary","true","1800","900"
"2","Storm Aratha","Neutral","Common","false","40","10"
"0","Storm Aratha","Neutral","Common","true","200","40"
"3","Stormmetal Golem","Neutral","Basic","false","0","0"
"0","Stormmetal Golem","Neutral","Basic","true","0","0"
"3","Sun Elemental","Neutral","Common","false","40","10"
"0","Sun Elemental","Neutral","Common","true","200","40"
"1","Sun Seer","Neutral","Common","false","40","10"
"0","Sun Seer","Neutral","Common","true","200","40"
"0","Sunset Paragon","Neutral","Epic","false","350","100"
"0","Sunset Paragon","Neutral","Epic","true","900","350"
"0","Sunsteel Defender","Neutral","Rare","false","100","20"
"0","Sunsteel Defender","Neutral","Rare","true","350","100"
"1","Swamp Entangler","Neutral","Common","false","40","10"
"0","Swamp Entangler","Neutral","Common","true","200","40"
"3","Sword of MECHAZ0R","Neutral","Rare","false","100","20"
"0","Sword of MECHAZ0R","Neutral","Rare","true","350","100"
"0","Sworn Avenger","Neutral","Epic","false","350","100"
"0","Sworn Avenger","Neutral","Epic","true","900","350"
"0","Sworn Defender","Neutral","Epic","false","350","100"
"0","Sworn Defender","Neutral","Epic","true","900","350"
"3","Sworn Sister L'Kian","Neutral","Legendary","false","900","350"
"0","Sworn Sister L'Kian","Neutral","Legendary","true","1800","900"
"2","Syvrel the Exile","Neutral","Epic","false","350","100"
"0","Syvrel the Exile","Neutral","Epic","true","900","350"
"1","Tethermancer","Neutral","Rare","false","100","20"
"0","Tethermancer","Neutral","Rare","true","350","100"
"2","The High Hand","Neutral","Common","false","40","10"
"0","The High Hand","Neutral","Common","true","200","40"
"0","The Scientist","Neutral","Epic","false","350","100"
"0","The Scientist","Neutral","Epic","true","900","350"
"3","Thorn Needler","Neutral","Basic","false","0","0"
"0","Thorn Needler","Neutral","Basic","true","0","0"
"1","Twilight Sorcerer","Neutral","Epic","false","350","100"
"0","Twilight Sorcerer","Neutral","Epic","true","900","350"
"1","Unseven","Neutral","Legendary","false","900","350"
"0","Unseven","Neutral","Legendary","true","1800","900"
"3","Vale Hunter","Neutral","Basic","false","0","0"
"0","Vale Hunter","Neutral","Basic","true","0","0"
"0","Venom Toth","Neutral","Epic","false","350","100"
"0","Venom Toth","Neutral","Epic","true","900","350"
"3","Void Hunter","Neutral","Common","false","40","10"
"0","Void Hunter","Neutral","Common","true","200","40"
"3","War Talon","Neutral","Common","false","40","10"
"0","War Talon","Neutral","Common","true","200","40"
"2","Whistling Blade","Neutral","Common","false","40","10"
"0","Whistling Blade","Neutral","Common","true","200","40"
"3","White Widow","Neutral","Rare","false","100","20"
"0","White Widow","Neutral","Rare","true","350","100"
"3","Wind Runner","Neutral","Rare","false","100","20"
"0","Wind Runner","Neutral","Rare","true","350","100"
"1","Wind Stopper","Neutral","Common","false","40","10"
"0","Wind Stopper","Neutral","Common","true","200","40"
"1","Wings of MECHAZ0R","Neutral","Common","false","40","10"
"0","Wings of MECHAZ0R","Neutral","Common","true","200","40"
"3","Wings of Paradise","Neutral","Common","false","40","10"
"0","Wings of Paradise","Neutral","Common","true","200","40"
"3","Wood-Wen","Neutral","Common","false","40","10"
"0","Wood-Wen","Neutral","Common","true","200","40"
"3","Young Flamewing","Neutral","Basic","false","0","0"
"0","Young Flamewing","Neutral","Basic","true","0","0"
"1","Yun","Neutral","Common","false","40","10"
"0","Yun","Neutral","Common","true","200","40"
"1","Z0r","Neutral","Epic","false","350","100"
"0","Z0r","Neutral","Epic","true","900","350"
"0","Zen'Rui, The BlightSpawned","Neutral","Legendary","false","900","350"
"0","Zen'Rui, The BlightSpawned","Neutral","Legendary","true","1800","900"
"0","Zukong","Neutral","Legendary","false","900","350"
"0","Zukong","Neutral","Legendary","true","1800","900"
"0","Zurael, the Lifegiver","Neutral","Legendary","false","900","350"
"0","Zurael, the Lifegiver","Neutral","Legendary","true","1800","900"
"1","Zyx","Neutral","Rare","false","100","20"
"0","Zyx","Neutral","Rare","true","350","100"
